{
  "Type": "PDA_UI_Creative_CoreGamer_C",
  "Name": "DA_UI_Creative_CoreGamer",
  "Class": "BlueprintGeneratedClass'/Game/Athena/HUD/LTM/Playground/CoreGamer/Data/PDA_UI_Creative_CoreGamer.PDA_UI_Creative_CoreGamer_C'",
  "Template": {
    "ObjectName": "PDA_UI_Creative_CoreGamer_C'Default__PDA_UI_Creative_CoreGamer_C'",
    "ObjectPath": "/Game/Athena/HUD/LTM/Playground/CoreGamer/Data/PDA_UI_Creative_CoreGamer.6"
  },
  "Flags": "RF_Public | RF_Standalone | RF_Transactional | RF_WasLoaded | RF_LoadCompleted",
  "Properties": {
    "TeamStateColors": [
      {
        "Key": "E_UI_Creative_CoreGamer_TeamStates::NewEnumerator1",
        "Value": {
          "Lighter_20_2CEC1CF44A4C9B981667C4A540644467": {
            "R": 0.056128,
            "G": 0.651406,
            "B": 1.0,
            "A": 1.0,
            "Hex": "43D3FF"
          },
          "Light_21_721EBFAD498E3C43DBFE548837331BF8": {
            "R": 0.030713,
            "G": 0.351533,
            "B": 1.0,
            "A": 1.0,
            "Hex": "31A0FF"
          },
          "Medium_22_3780B0024B6CAF8E6CB9918162A449F7": {
            "R": 0.009721,
            "G": 0.270498,
            "B": 0.887923,
            "A": 1.0,
            "Hex": "198EF2"
          },
          "Dark_23_D4DB58604621CF24D0ED08939E74FF74": {
            "R": 0.000304,
            "G": 0.130136,
            "B": 0.701102,
            "A": 1.0,
            "Hex": "0165DA"
          },
          "Darker_24_DB140E20492081760F7E2281F4D17B74": {
            "R": 0.0,
            "G": 0.05448,
            "B": 0.274677,
            "A": 1.0,
            "Hex": "00428F"
          },
          "Darker1_27_0861D6C542C9D7CE19FDE4A9AAE14898": {
            "R": 0.0,
            "G": 0.006995,
            "B": 0.06301,
            "A": 1.0,
            "Hex": "001447"
          }
        }
      },
      {
        "Key": "E_UI_Creative_CoreGamer_TeamStates::NewEnumerator2",
        "Value": {
          "Lighter_20_2CEC1CF44A4C9B981667C4A540644467": {
            "R": 1.0,
            "G": 0.768151,
            "B": 0.223228,
            "A": 1.0,
            "Hex": "FFE382"
          },
          "Light_21_721EBFAD498E3C43DBFE548837331BF8": {
            "R": 1.0,
            "G": 0.539479,
            "B": 0.132868,
            "A": 1.0,
            "Hex": "FFC266"
          },
          "Medium_22_3780B0024B6CAF8E6CB9918162A449F7": {
            "R": 1.0,
            "G": 0.313989,
            "B": 0.035601,
            "A": 1.0,
            "Hex": "FF9835"
          },
          "Dark_23_D4DB58604621CF24D0ED08939E74FF74": {
            "R": 0.672443,
            "G": 0.208637,
            "B": 0.020289,
            "A": 1.0,
            "Hex": "D67E27"
          },
          "Darker_24_DB140E20492081760F7E2281F4D17B74": {
            "R": 0.491021,
            "G": 0.107023,
            "B": 0.0,
            "A": 1.0,
            "Hex": "BA5C00"
          },
          "Darker1_27_0861D6C542C9D7CE19FDE4A9AAE14898": {
            "R": 0.052861,
            "G": 0.021219,
            "B": 0.004777,
            "A": 1.0,
            "Hex": "41280F"
          }
        }
      },
      {
        "Key": "E_UI_Creative_CoreGamer_TeamStates::NewEnumerator3",
        "Value": {
          "Lighter_20_2CEC1CF44A4C9B981667C4A540644467": {
            "R": 0.423268,
            "G": 0.423268,
            "B": 0.423268,
            "A": 1.0,
            "Hex": "AEAEAE"
          },
          "Light_21_721EBFAD498E3C43DBFE548837331BF8": {
            "R": 0.227431,
            "G": 0.227431,
            "B": 0.227431,
            "A": 1.0,
            "Hex": "838383"
          },
          "Medium_22_3780B0024B6CAF8E6CB9918162A449F7": {
            "R": 0.138432,
            "G": 0.138432,
            "B": 0.138432,
            "A": 1.0,
            "Hex": "686868"
          },
          "Dark_23_D4DB58604621CF24D0ED08939E74FF74": {
            "R": 0.031896,
            "G": 0.031896,
            "B": 0.031896,
            "A": 1.0,
            "Hex": "323232"
          },
          "Darker_24_DB140E20492081760F7E2281F4D17B74": {
            "R": 0.011612,
            "G": 0.011612,
            "B": 0.011612,
            "A": 1.0,
            "Hex": "1C1C1C"
          },
          "Darker1_27_0861D6C542C9D7CE19FDE4A9AAE14898": {
            "R": 0.005208,
            "G": 0.005208,
            "B": 0.005208,
            "A": 1.0,
            "Hex": "101010"
          }
        }
      },
      {
        "Key": "E_UI_Creative_CoreGamer_TeamStates::NewEnumerator4",
        "Value": {
          "Lighter_20_2CEC1CF44A4C9B981667C4A540644467": {
            "R": 0.423268,
            "G": 0.423268,
            "B": 0.423268,
            "A": 1.0,
            "Hex": "AEAEAE"
          },
          "Light_21_721EBFAD498E3C43DBFE548837331BF8": {
            "R": 0.227431,
            "G": 0.227431,
            "B": 0.227431,
            "A": 1.0,
            "Hex": "838383"
          },
          "Medium_22_3780B0024B6CAF8E6CB9918162A449F7": {
            "R": 0.138432,
            "G": 0.138432,
            "B": 0.138432,
            "A": 1.0,
            "Hex": "686868"
          },
          "Dark_23_D4DB58604621CF24D0ED08939E74FF74": {
            "R": 0.031896,
            "G": 0.031896,
            "B": 0.031896,
            "A": 1.0,
            "Hex": "323232"
          },
          "Darker_24_DB140E20492081760F7E2281F4D17B74": {
            "R": 0.011612,
            "G": 0.011612,
            "B": 0.011612,
            "A": 1.0,
            "Hex": "1C1C1C"
          },
          "Darker1_27_0861D6C542C9D7CE19FDE4A9AAE14898": {
            "R": 0.005182,
            "G": 0.005182,
            "B": 0.005182,
            "A": 1.0,
            "Hex": "101010"
          }
        }
      }
    ],
    "NativeClass": {
      "ObjectName": "BlueprintGeneratedClass'PDA_UI_Creative_CoreGamer_C'",
      "ObjectPath": "/Game/Athena/HUD/LTM/Playground/CoreGamer/Data/PDA_UI_Creative_CoreGamer.0"
    }
  }
}